<?xml version="1.0" encoding="UTF-8"?>

<!-- 
 * security.xml
 *
 * Copyright (C) 2016 Universidad de Sevilla
 * 
 * The use of this project is hereby constrained to the conditions of the 
 * TDG Licence, a copy of which you may download from 
 * http://www.tdg-seville.info/License.html
 -->

<beans xmlns="http://www.springframework.org/schema/beans"
	xmlns:xsi="http://www.w3.org/2001/XMLSchema-instance" xmlns:security="http://www.springframework.org/schema/security"	
	xsi:schemaLocation="
		http://www.springframework.org/schema/beans http://www.springframework.org/schema/beans/spring-beans-4.0.xsd		
        http://www.springframework.org/schema/security http://www.springframework.org/schema/security/spring-security-3.2.xsd
    ">

	<!-- Security infrastructure -->

	<bean id="loginService" class="security.LoginService" />

	<bean id="passwordEncoder"
		class="org.springframework.security.authentication.encoding.Md5PasswordEncoder" />

	<!-- Access control -->

	<security:http auto-config="true" use-expressions="true">
		<security:intercept-url pattern="/" access="permitAll" /> 

		<security:intercept-url pattern="/favicon.ico" access="permitAll" /> 
		<security:intercept-url pattern="/images/**" access="permitAll" /> 
		<security:intercept-url pattern="/scripts/**" access="permitAll" /> 
		<security:intercept-url pattern="/styles/**" access="permitAll" /> 

		<security:intercept-url pattern="/views/misc/index.jsp" access="permitAll" /> 

		<security:intercept-url pattern="/security/login.do" access="permitAll" /> 
		<security:intercept-url pattern="/security/loginFailure.do" access="permitAll" /> 

		<security:intercept-url pattern="/welcome/index.do" access="permitAll" />  
		

		<security:intercept-url pattern="/recipe/list.do" access="permitAll" />
		<security:intercept-url pattern="/recipe/listUser.do**" access="permitAll" /> 
		<security:intercept-url pattern="/recipe/listQualified.do**" access="permitAll" /> 
		<security:intercept-url pattern="/recipe/listWinners.do**" access="permitAll" /> 
		<security:intercept-url pattern="/recipe/display.do**" access="permitAll" /> 
		
		<security:intercept-url pattern="/recipe/user/**" access="hasRole('USER')" /> 
		<security:intercept-url pattern="/recipe/socialuser/**" access="hasAnyRole('USER', 'NUTRITIONIST')" />
		
		<security:intercept-url pattern="/campaign/sponsor/**" access="hasRole('SPONSOR')" /> 
		<security:intercept-url pattern="/campaign/administrator/**" access="hasRole('ADMIN')" /> 
		
		<security:intercept-url pattern="/administrator/**" access="hasRole('ADMIN')" />
		<security:intercept-url pattern="/cook/administrator/**" access="hasRole('ADMIN')" /> 
		<security:intercept-url pattern="/recipe/administrator/**" access="hasRole('ADMIN')" />  
		<security:intercept-url pattern="/masterClass/administrator/**" access="hasRole('ADMIN')" /> 
		<security:intercept-url pattern="/systemConfiguration/administrator/**" access="hasRole('ADMIN')" /> 
		<security:intercept-url pattern="/administrator/administrator/**" access="hasRole('ADMIN')" /> 

		<security:intercept-url pattern="/banner/sponsor/**" access="hasRole('SPONSOR')" />
				
		<security:intercept-url pattern="/bill/sponsor/**" access="hasRole('SPONSOR')" />
		<security:intercept-url pattern="/bill/administrator/**" access="hasRole('ADMIN')" />

		<security:intercept-url pattern="/creditCard/sponsor/**" access="hasRole('SPONSOR')" />

		<security:intercept-url pattern="/contest/list.do" access="permitAll" />
		<security:intercept-url pattern="/contest/administrator/**" access="hasRole('ADMIN')" />
		<security:intercept-url pattern="/contest/user/**" access="hasRole('USER')" />
		
		
		<security:intercept-url pattern="/user/list.do**" access="permitAll" />
		<security:intercept-url pattern="/user/user/**" access="hasRole('USER')" />
		<security:intercept-url pattern="/user/create.do" access="isAnonymous()" />	
		<security:intercept-url pattern="/user/edit.do" access="isAnonymous()" />	
		<security:intercept-url pattern="/user/socialuser/**" access="hasAnyRole('NUTRITIONIST', 'USER')" />	

		
		<security:intercept-url pattern="/ingredient/display.do**" access="permitAll" />
		<security:intercept-url pattern="/ingredient/user/**" access="hasRole('USER')" />
		<security:intercept-url pattern="/ingredient/nutritionist/**" access="hasRole('NUTRITIONIST')" />	
		

		<security:intercept-url pattern="/sponsor/create.do" access="isAnonymous()" />
		<security:intercept-url pattern="/sponsor/edit.do" access="isAnonymous()" />
		<security:intercept-url pattern="/sponsor/sponsor/**" access="hasRole('SPONSOR')" />
		
		<security:intercept-url pattern="/nutritionist/list.do**" access="permitAll" />
		<security:intercept-url pattern="/nutritionist/create.do" access="isAnonymous()" />
		<security:intercept-url pattern="/nutritionist/edit.do" access="isAnonymous()" />
		<security:intercept-url pattern="/nutritionist/nutritionist/**" access="hasRole('NUTRITIONIST')" />
		<security:intercept-url pattern="/nutritionist/socialuser/**" access="hasAnyRole('NUTRITIONIST', 'USER')" />
		
		<security:intercept-url pattern="/curriculum/nutritionist/**" access="hasRole('NUTRITIONIST')" />
		<security:intercept-url pattern="/endorser/nutritionist/**" access="hasRole('NUTRITIONIST')" />
		
		<security:intercept-url pattern="/step/user/**" access="hasRole('USER')" />
		
		<security:intercept-url pattern="/comment/socialUser/**" access="hasAnyRole('USER', 'NUTRITIONIST')" />
		<security:intercept-url pattern="/comment/list.do**" access="permitAll" />
		
		
		<security:intercept-url pattern="/category/administrator/**" access="hasRole('ADMIN')" />
		
		<security:intercept-url pattern="/folder/actor/**" access="isAuthenticated()" />
		
		<security:intercept-url pattern="/message/actor/**" access="isAuthenticated()" />
		
		<security:intercept-url pattern="/socialIdentity/actor/**" access="isAuthenticated()" />
		
		<security:intercept-url pattern="/cook/**" access="hasAnyRole('COOK','ADMIN')" />
		<security:intercept-url pattern="/cook/cook/**" access="hasRole('COOK')" />
		<security:intercept-url pattern="/masterClass/list.do" access="permitAll" />  
		<security:intercept-url pattern="/masterClass/display.do**" access="permitAll" />  
		<security:intercept-url pattern="/masterClass/actor/**" access="isAuthenticated()" /> 
		<security:intercept-url pattern="/masterClass/cook/**" access="hasRole('COOK')" /> 
		
		<security:intercept-url pattern="/learningMaterial/actor/**" access="isAuthenticated()" />
		<security:intercept-url pattern="/learningMaterial/cook/**" access="hasRole('COOK')" /> 
		
		<security:intercept-url pattern="/presentationMaterial/cook/**" access="hasRole('COOK')" />
		<security:intercept-url pattern="/videoMaterial/cook/**" access="hasRole('COOK')" />
		<security:intercept-url pattern="/textMaterial/cook/**" access="hasRole('COOK')" />
    
    	<security:intercept-url pattern="/actor/display.do**" access="permitAll" /> 
		<security:intercept-url pattern="/administrator/display.do**" access="permitAll" /> 
		<security:intercept-url pattern="/sponsor/display.do**" access="permitAll" /> 
		<security:intercept-url pattern="/cook/display.do**" access="permitAll" /> 
		<security:intercept-url pattern="/user/display.do**" access="permitAll" /> 
		<security:intercept-url pattern="/nutritionist/display.do**" access="permitAll" /> 
	
		<security:intercept-url pattern="/**" access="hasRole('NONE')" />

		<security:form-login 
			login-page="/security/login.do"
			password-parameter="password" 
			username-parameter="username"
			authentication-failure-url="/security/loginFailure.do" />

		<security:logout 
			logout-success-url="/" 
			invalidate-session="true" />
	</security:http>

</beans>