<?xml version="1.0" encoding="UTF-8"?>

<!-- 
 * i18n-l10n.xml
 *
 * Copyright (C) 2016 Universidad de Sevilla
 * 
 * The use of this project is hereby constrained to the conditions of the 
 * TDG Licence, a copy of which you may download from 
 * http://www.tdg-seville.info/License.html
 -->

<beans xmlns="http://www.springframework.org/schema/beans"
	xmlns:xsi="http://www.w3.org/2001/XMLSchema-instance" xmlns:util="http://www.springframework.org/schema/util"
	xsi:schemaLocation="
		http://www.springframework.org/schema/beans http://www.springframework.org/schema/beans/spring-beans-4.0.xsd
		http://www.springframework.org/schema/util http://www.springframework.org/schema/util/spring-util-4.0.xsd 
	">

	<util:list id="messages">
		<value>/views/master-page/messages</value>
		<value>/views/misc/messages</value>
		<value>/views/security/messages</value>		
		<value>/views/welcome/messages</value>
		
		<value>/views/administrator/messages</value>
		<value>/views/banner/messages</value>
		<value>/views/bill/messages</value>
		<value>/views/campaign/messages</value>
		<value>/views/category/messages</value>
		<value>/views/comment/messages</value>
		<value>/views/contest/messages</value>
		<value>/views/cook/messages</value>
		<value>/views/creditCard/messages</value>
		<value>/views/curriculum/messages</value>
		<value>/views/endorser/messages</value>
		<value>/views/folder/messages</value>
		<value>/views/ingredient/messages</value>
		<value>/views/learningMaterial/messages</value>
		<value>/views/masterClass/messages</value>
		<value>/views/message/messages</value>
		<value>/views/nutritionist/messages</value>
		<value>/views/property/messages</value>
		<value>/views/recipe/messages</value>
		<value>/views/socialIdentity/messages</value>
		<value>/views/sponsor/messages</value>
		<value>/views/step/messages</value>
		<value>/views/systemConfiguration/messages</value>
		<value>/views/user/messages</value>
	</util:list>

</beans>