<?xml version="1.0" encoding="UTF-8"?>

<!-- 
  * tiles.xml 
  * 
  * Copyright (C) 2016 Universidad de Sevilla 
  * 
  * The use of this project is hereby constrained to the conditions of the 
  * TDG Licence, a copy of which you may download from 
  * http://www.tdg-seville.info/License.html 
-->

<beans xmlns="http://www.springframework.org/schema/beans"
	xmlns:util="http://www.springframework.org/schema/util" xmlns:xsi="http://www.w3.org/2001/XMLSchema-instance"
	xsi:schemaLocation="
		http://www.springframework.org/schema/beans http://www.springframework.org/schema/beans/spring-beans-4.0.xsd
		http://www.springframework.org/schema/util http://www.springframework.org/schema/util/spring-util-4.0.xsd
	">

	<util:list id="tiles">
		<value>/views/master-page/tiles.xml</value>		
		<value>/views/misc/tiles.xml</value>		
		<value>/views/security/tiles.xml</value>
		<value>/views/welcome/tiles.xml</value>
		
		<value>/views/administrator/tiles.xml</value>
		<value>/views/banner/tiles.xml</value>
		<value>/views/bill/tiles.xml</value>
		<value>/views/campaign/tiles.xml</value>
		<value>/views/category/tiles.xml</value>
		<value>/views/comment/tiles.xml</value>
		<value>/views/contest/tiles.xml</value>
		<value>/views/cook/tiles.xml</value>
		<value>/views/creditCard/tiles.xml</value>
		<value>/views/curriculum/tiles.xml</value>
		<value>/views/endorser/tiles.xml</value>
		<value>/views/folder/tiles.xml</value>
		<value>/views/ingredient/tiles.xml</value>
		<value>/views/learningMaterial/tiles.xml</value>
		<value>/views/masterClass/tiles.xml</value>
		<value>/views/message/tiles.xml</value>
		<value>/views/nutritionist/tiles.xml</value>
		<value>/views/property/tiles.xml</value>
		<value>/views/recipe/tiles.xml</value>
		<value>/views/socialIdentity/tiles.xml</value>
		<value>/views/sponsor/tiles.xml</value>
		<value>/views/step/tiles.xml</value>
		<value>/views/systemConfiguration/tiles.xml</value>
		<value>/views/user/tiles.xml</value>
	</util:list>

</beans>